use_dt,bus_route_id,bus_route_no,bus_route_nm,stnd_bsst_id,bsst_ars_no,bus_sta_id,bus_sta_nm,ride_pasgr_num,alight_pasgr_num,work_dt,work_dttm
"20190901","41110150","N26","N26번(중랑공영차고지~강서공영차고지)","106000207","07302","0070868","신내교회.신내데시앙아파트","0","2","20190904",""
"20190901","11110614","마포07","마포07(양화진성지~아현역)","113900208","14966","9011047","서일빌딩","2","32","20190904",""
"20190901","91000034","9714","9714번(교하운정~서울역)","111000008","12008","9606470","디지털미디어시티역","23","0","20190904",""
"20190901","11110063","641","641번(문래동~양재동)","118000107","19192","0010617","문래역","399","126","20190904",""
"20190901","91000034","9714","9714번(교하운정~서울역)","229001662","63736","9514031","교하차고지","1","0","20190904",""
"20190901","11110063","641","641번(문래동~양재동)","121900001","22256","7000016","방배동래미안타워","55","88","20190904",""
"20190901","91000034","9714","9714번(교하운정~서울역)","229001663","63737","9514030","교하차고지","0","4","20190904",""
"20190901","11110065","650","650번(외발산동~서울대입구)","118000140","19225","9001569","신길역","130","75","20190904",""
"20190901","91000034","9714","9714번(교하운정~서울역)","219000370","36686","9036576","마두역(중)","8","6","20190904",""
"20190901","11110072","110B","110번(B,국민대방향,정릉~정릉)","113000135","14226","0013322","연남동","219","400","20190904",""
"20190901","91000034","9714","9714번(교하운정~서울역)","229000857","63660","9036539","중앙공원","0","4","20190904",""
"20190901","11110072","110B","110번(B,국민대방향,정릉~정릉)","113000083","14174","9003183","대흥역","50","93","20190904",""
"20190901","91000034","9714","9714번(교하운정~서울역)","229000848","63659","9036538","중앙공원","9","0","20190904",""
"20190901","11110085","643","643번(양천차고지~강남역)","121000149","22225","0008824","이수교","226","137","20190904",""
"20190901","91000034","9714","9714번(교하운정~서울역)","229000856","63658","9036537","우리은행앞","0","34","20190904",""
"20190901","11110144","1137","1137번(상계동~미아사거리)","110000346","11447","0011119","하계역","161","90","20190904",""
"20190901","91000034","9714","9714번(교하운정~서울역)","229000849","63657","9036536","트리플메디컬타운","44","0","20190904",""
"20190901","11110196","2413","2413번(성수동~개포동)","122000131","23234","0010979","은마파출소","217","109","20190904",""
"20190901","91000034","9714","9714번(교하운정~서울역)","229000854","63656","9036535","청석마을8단지","0","15","20190904",""
"20190901","11110207","3313","3313번(복정역~잠실새내역)","123000160","24250","8001682","오금공원앞","72","37","20190904",""
"20190901","91000034","9714","9714번(교하운정~서울역)","229000851","63655","9036534","청석마을","16","0","20190904",""
"20190901","11110241","5516","5516번(신림2동차고지~노량진)","119000054","20147","0009751","성대시장","199","159","20190904",""
"20190901","91000034","9714","9714번(교하운정~서울역)","101000022","02117","9034842","숭례문","27","9","20190904",""
"20190901","11110257","5616","5616번(가산동~등촌동)","120000114","21216","0109444","세이브마트앞","34","107","20190904",""
"20190901","91000034","9714","9714번(교하운정~서울역)","218000317","35637","9034820","행신초등학교(중)","6","3","20190904",""
"20190901","11110287","6628","6628번(외발산동~여의도)","114000162","15265","0070778","목동7단지","98","259","20190904",""
"20190901","91000034","9714","9714번(교하운정~서울역)","219000454","36701","9034805","알미공원(중)","5","2","20190904",""
"20190901","11110297","7011","7011번(은평차고지~중구청)","101000021","02116","9000249","염천교","56","7","20190904",""
"20190901","91000034","9714","9714번(교하운정~서울역)","219000363","36700","9034804","주엽역(중)","6","3","20190904",""
"20190901","11110334","7013A","7013A(은평차고지~남대문시장)","111001114","14363","8502010","MBC","54","10","20190904",""
"20190901","91000034","9714","9714번(교하운정~서울역)","219000189","36699","9034803","주엽역(중)","6","7","20190904",""
"20190901","11110336","421","421번(염곡동~옥수동)","121000097","22173","9000058","강남역","48","291","20190904",""
"20190901","91000034","9714","9714번(교하운정~서울역)","219000356","36695","9034799","일산동구청(중)","15","18","20190904",""
"20190901","11110337","405","405번(염곡동~시청광장)","102000065","03159","0008999","남산예술원","7","33","20190904",""
"20190901","91000034","9714","9714번(교하운정~서울역)","219000191","36694","9034798","일산동구청(중)","17","8","20190904",""
"20190901","11110600","동작18","동작18(극동아파트~사당역)","119900167","20811","9009817","시장입구","11","11","20190904",""
"20190901","91000034","9714","9714번(교하운정~서울역)","218000316","35636","9034797","고양경찰서","3","5","20190904",""
"20190901","11110058","603","603번(신월동~시청)","114000109","15212","9004273","신정네거리역","100","97","20190904",""
"20190901","91000034","9714","9714번(교하운정~서울역)","218000320","35635","9034796","고양경찰서(중)","7","9","20190904",""
"20190901","11110702","동작05-1","동작05-1(대방역~신대방역)","119000114","20207","9010340","신대방역","312","325","20190904",""
"20190901","91000034","9714","9714번(교하운정~서울역)","218000318","35634","9034795","행신동(중)","13","4","20190904",""
"20190901","11110717","종로03","종로03(낙산공원~종로5가)","100900039","01506","9007105","낙산공원","242","287","20190904",""
"20190901","91000034","9714","9714번(교하운정~서울역)","218000078","35633","9034794","행신동(중)","3","16","20190904",""
"20190901","11110814","1167","1167번(우이동~은행사거리)","109000079","10164","0073058","오봉초등학교","8","30","20190904",""
"20190901","91000034","9714","9714번(교하운정~서울역)","218000145","35632","9034793","서정마을(중)","2","5","20190904",""
"20190901","11110899","1131","1131번(중계본동~석계역)","110000227","11328","0070565","월계역","27","37","20190904",""
"20190901","91000034","9714","9714번(교하운정~서울역)","218000134","35627","9034788","서정마을(중)","4","7","20190904",""
"20190901","11110907","2224","2224번(성수동~강변역)","103000138","04240","0008395","성수역","90","121","20190904",""
"20190901","91000034","9714","9714번(교하운정~서울역)","219000364","36691","9034778","문촌마을(중)","7","7","20190904",""
"20190901","11110957","3316","3316번(마천동~천호역)","123000189","24279","0014864","종점","25","1","20190904",""
"20190901","91000034","9714","9714번(교하운정~서울역)","219000129","36690","9034777","문촌마을(중)","1","1","20190904",""
"20190901","11110965","3425","3425번(송파차고지~삼성역)","122000307","23414","9031334","대왕초등학교","10","17","20190904",""
"20190901","91000034","9714","9714번(교하운정~서울역)","219000190","36688","9034775","강선마을(중)","5","8","20190904",""
"20190901","11110998","153","153번(우이동~당곡사거리)","112000077","13160","0009833","정원여중","45","84","20190904",""
"20190901","91000034","9714","9714번(교하운정~서울역)","219000192","36687","9034774","강선마을(중)","2","4","20190904",""
"20190901","41110003","302","302번(성남~동대문)","103000114","04213","0011050","성동세무서","118","51","20190904",""
"20190901","91000034","9714","9714번(교하운정~서울역)","219000383","36685","9034772","마두역(중)","4","10","20190904",""
"20190901","41110033","4419","4419번(송파차고지~압구정역)","122000049","23149","9034650","현대아파트","174","45","20190904",""
"20190901","91000034","9714","9714번(교하운정~서울역)","219000385","36682","9034769","안산공원","2","11","20190904",""
"20190901","41110042","740","740번(덕은동~삼성역)","121000058","22134","0073686","교대역3","126","38","20190904",""
"20190901","91000034","9714","9714번(교하운정~서울역)","218000319","35626","9034766","행신초등학교(중)","9","10","20190904",""
"20190901","41110048","5535","5535번(하안동~노량진)","119000029","20122","8300554","노들역","0","31","20190904",""
"20190901","91000034","9714","9714번(교하운정~서울역)","218000637","35007","9013634","소만마을","9","4","20190904",""
"20190901","41110086","7025","7025번(은평차고지~종로)","111000291","12381","9034851","녹번역","47","290","20190904",""
"20190901","91000034","9714","9714번(교하운정~서울역)","218000636","35008","9013633","소만마을","3","6","20190904",""
"20190901","41110088","441","441번(월암공영차고지~신사역)","220000017","37503","0009076","안골","5","11","20190904",""
"20190901","91000034","9714","9714번(교하운정~서울역)","112000013","13013","9006482","연세대앞","30","3","20190904",""
"20190901","41110093","9711A","9711A번(킨텍스제2전시장~양재동)","219000673","36153","8502290","킨텍스","0","9","20190904",""
"20190901","91000034","9714","9714번(교하운정~서울역)","112000012","13012","9006481","연세대앞","5","22","20190904",""
"20190901","41110102","9701","9701번(가좌동~서울역)","219000278","36343","9005846","송산3통","0","5","20190904",""
"20190901","91000034","9714","9714번(교하운정~서울역)","112000006","13006","9006475","모래내시장.가좌역","3","3","20190904",""
"20190901","41110113","9403","9403번(성남분당~을지로5가)","206000331","47155","9005383","오리초등학교","8","0","20190904",""
"20190901","91000034","9714","9714번(교하운정~서울역)","111000007","12007","9006469","디지털미디어시티역","3","20","20190904",""
"20190901","41110216","108","108번(양주 덕정~종로5가)","235001197","68257","8501841","삼숭교","0","6","20190904",""
"20190901","91000034","9714","9714번(교하운정~서울역)","101000020","02113","9005144","서대문경찰서.농협은행.유관순활동터","6","2","20190904",""
"20190901","11110006","105","105번(상계동~서울역)","105000485","06028","0007769","신설동역","50","167","20190904",""
"20190901","91000034","9714","9714번(교하운정~서울역)","219000193","36281","9004358","대화역","24","11","20190904",""
"20190901","11110012","141","141번(도봉산~염곡동)","108000012","09012","8000547","미아사거리역","302","519","20190904",""
"20190901","91000034","9714","9714번(교하운정~서울역)","219000366","36601","9004357","대화역","8","24","20190904",""
"20190901","11110014","143","143번(정릉~개포동)","100000123","01219","0072259","통신대(이화장)","40","148","20190904",""
"20190901","91000034","9714","9714번(교하운정~서울역)","229000847","63674","9000527","책향기마을","11","0","20190904",""
"20190901","11110016","145","145번(번동~강남역)","108000090","09178","8003169","강북보건소","84","1","20190904",""
"20190901","91000034","9714","9714번(교하운정~서울역)","229000858","63675","9000452","책향기마을","0","26","20190904",""
"20190901","11110019","150","150번(도봉산~석수역)","100000102","01198","0008952","원남동","57","48","20190904",""
"20190901","91000034","9714","9714번(교하운정~서울역)","100000034","01129","9000384","광화문광화문빌딩","20","19","20190904",""
"20190901","11110022","160","160번(도봉산~온수동)","100000003","01003","0007197","명륜3가.성대입구","238","77","20190904",""
"20190901","11110001","100","100번(하계동~용산구청)","100000003","01003","0007197","명륜3가.성대입구","119","151","20190904",""
"20190901","11110024","162","162번(정릉~여의도)","118000045","19130","0074992","KBS","57","44","20190904",""
"20190901","11110001","100","100번(하계동~용산구청)","101000057","02156","0008839","을지로입구.로얄호텔","102","59","20190904",""
"20190901","11110032","262","262번(중랑공영차고지~여의도)","102000136","03230","0008656","남영역","148","141","20190904",""
"20190901","11110001","100","100번(하계동~용산구청)","101000060","02159","0008864","을지로2가.파인에빈뉴","117","39","20190904",""
"20190901","11110001","100","100번(하계동~용산구청)","102000173","03267","0008878","서빙고역교차로","17","13","20190904",""
"20190901","11110001","100","100번(하계동~용산구청)","101000061","02160","0008881","을지로3가","50","160","20190904",""
"20190901","11110001","100","100번(하계동~용산구청)","101000062","02161","0008890","을지로3가","56","33","20190904",""
"20190901","11110001","100","100번(하계동~용산구청)","101000063","02162","0008935","을지로4가","21","103","20190904",""
"20190901","11110001","100","100번(하계동~용산구청)","100000102","01198","0008952","원남동","51","107","20190904",""
"20190901","11110001","100","100번(하계동~용산구청)","101000067","02166","0008984","을지로5가.중부시장","17","31","20190904",""
"20190901","11110001","100","100번(하계동~용산구청)","101000070","02169","0009038","을지로6가.국립중앙의료원","40","44","20190904",""
"20190901","11110001","100","100번(하계동~용산구청)","110000273","11374","0011084","서울시립북서울미술관","44","1","20190904",""
"20190901","11110001","100","100번(하계동~용산구청)","107000002","08002","0012869","월곡뉴타운","215","69","20190904",""
"20190901","11110001","100","100번(하계동~용산구청)","110000279","11380","0070555","목련아파트상가","220","47","20190904",""
"20190901","11110001","100","100번(하계동~용산구청)","110000280","11381","0070556","중계목화아파트4단지","164","17","20190904",""
"20190901","11110001","100","100번(하계동~용산구청)","110000353","11454","0070561","하계우성아파트","400","40","20190904",""
"20190901","11110001","100","100번(하계동~용산구청)","110000351","11452","0070562","하계극동아파트","167","56","20190904",""
"20190901","11110001","100","100번(하계동~용산구청)","110000238","11339","0070563","월계헬스케어센터","201","97","20190904",""
"20190901","11110001","100","100번(하계동~용산구청)","110000239","11340","0070585","월계헬스케어센터","104","201","20190904",""
"20190901","11110001","100","100번(하계동~용산구청)","110000352","11453","0070586","하계시영아파트","39","295","20190904",""
"20190901","11110001","100","100번(하계동~용산구청)","110000341","11442","0070592","하계현대아파트","23","119","20190904",""
"20190901","11110001","100","100번(하계동~용산구청)","110000257","11358","0070593","롯데마트","34","119","20190904",""
"20190901","11110001","100","100번(하계동~용산구청)","107000009","08009","0071196","삼선교.한성대학교","95","212","20190904",""
"20190901","11110001","100","100번(하계동~용산구청)","100000002","01002","0071198","창경궁.서울대학교병원","30","65","20190904",""
"20190901","11110001","100","100번(하계동~용산구청)","107000010","08010","0071205","삼선교.한성대학교.조소앙활동터","216","98","20190904",""
"20190901","11110001","100","100번(하계동~용산구청)","110000265","11366","0071430","중계역","1","31","20190904",""
"20190901","11110001","100","100번(하계동~용산구청)","110000272","11373","0071499","중계역","40","3","20190904",""
"20190901","11110001","100","100번(하계동~용산구청)","110000286","11387","0071598","노원평생학습관","27","2","20190904",""
"20190901","11110001","100","100번(하계동~용산구청)","110000275","11376","0071599","중계역2번출구","147","16","20190904",""
"20190901","11110001","100","100번(하계동~용산구청)","110000277","11378","0071600","중계3단지목련아파트","44","18","20190904",""
"20190901","11110001","100","100번(하계동~용산구청)","110000337","11438","0071601","노원경찰서","200","48","20190904",""
"20190901","11110001","100","100번(하계동~용산구청)","110000335","11436","0071602","하계1동주민센터","188","49","20190904",""
"20190901","11110001","100","100번(하계동~용산구청)","110000333","11434","0071603","골마을근린공원","225","46","20190904",""
"20190901","11110001","100","100번(하계동~용산구청)","110000325","11426","0071604","하계역","406","191","20190904",""
"20190901","11110001","100","100번(하계동~용산구청)","110000211","11311","0071605","인덕대학","151","127","20190904",""
"20190901","11110001","100","100번(하계동~용산구청)","110000210","11310","0071606","월계주공108동앞롯데캐슬루나아파트","262","115","20190904",""
"20190901","11110001","100","100번(하계동~용산구청)","108000098","09186","0071607","오현초등학교","260","169","20190904",""
"20190901","11110001","100","100번(하계동~용산구청)","108000099","09187","0071608","북서울꿈의숲","179","52","20190904",""
"20190901","11110001","100","100번(하계동~용산구청)","108000100","09188","0071609","송중동한일유엔아이","38","105","20190904",""
"20190901","11110001","100","100번(하계동~용산구청)","108000101","09189","0071610","창문여고앞","150","194","20190904",""
"20190901","11110001","100","100번(하계동~용산구청)","108000102","09190","0071611","숭곡초등학교입구","90","224","20190904",""
"20190901","11110001","100","100번(하계동~용산구청)","107000001","08001","0071612","월곡뉴타운","84","255","20190904",""
"20190901","11110001","100","100번(하계동~용산구청)","107000003","08003","0071613","길음뉴타운","113","262","20190904",""
"20190901","11110001","100","100번(하계동~용산구청)","107000004","08004","0071614","길음뉴타운","230","107","20190904",""
"20190901","11110001","100","100번(하계동~용산구청)","107000011","08101","0071616","숭곡초교입구","118","103","20190904",""
"20190901","11110001","100","100번(하계동~용산구청)","107000012","08102","0071617","창문여고","211","169","20190904",""
"20190901","11110001","100","100번(하계동~용산구청)","107000013","08103","0071618","동방고개","26","58","20190904",""
"20190901","11110001","100","100번(하계동~용산구청)","107000014","08104","0071619","장위동그린빌아파트","30","124","20190904",""
"20190901","11110001","100","100번(하계동~용산구청)","107000015","08105","0071620","북서울꿈의숲","161","197","20190904",""
"20190901","11110001","100","100번(하계동~용산구청)","107000016","08106","0071621","장월초등학교","182","205","20190904",""
"20190901","11110001","100","100번(하계동~용산구청)","110000236","11337","0071622","롯데캐슬루나아파트","163","140","20190904",""
"20190901","11110001","100","100번(하계동~용산구청)","110000237","11338","0071623","인덕대앞","150","115","20190904",""
"20190901","11110001","100","100번(하계동~용산구청)","110000324","11425","0071624","하계미성아파트.을지병원","249","291","20190904",""
"20190901","11110001","100","100번(하계동~용산구청)","110000328","11429","0071625","한성여객종점","2","123","20190904",""
"20190901","11110001","100","100번(하계동~용산구청)","110000334","11435","0071626","서울온천","34","215","20190904",""
"20190901","11110001","100","100번(하계동~용산구청)","110000336","11437","0071627","노원경찰서.혜성여고","31","174","20190904",""
"20190901","11110001","100","100번(하계동~용산구청)","110000276","11377","0071628","상명초등학교","4","49","20190904",""
"20190901","11110001","100","100번(하계동~용산구청)","110000274","11375","0071629","중계건영2차아파트","2","70","20190904",""
"20190901","11110001","100","100번(하계동~용산구청)","110000343","11444","0071630","하계한신청구아파트","0","9","20190904",""
"20190901","11110001","100","100번(하계동~용산구청)","107000005","08005","0072011","미아리고개.미아리예술극장","83","166","20190904",""
"20190901","11110001","100","100번(하계동~용산구청)","107000007","08007","0072012","돈암사거리.성신여대입구","63","338","20190904",""
"20190901","11110001","100","100번(하계동~용산구청)","107000008","08008","0072027","돈암사거리.성신여대입구","410","106","20190904",""
"20190901","11110001","100","100번(하계동~용산구청)","107000006","08006","0072028","미아리고개.미아리예술극장","91","80","20190904",""
"20190901","11110001","100","100번(하계동~용산구청)","100000151","01247","0072250","광장시장","42","83","20190904",""
"20190901","11110001","100","100번(하계동~용산구청)","101000069","02168","0072254","을지로5가.훈련원종합체육관","23","2","20190904",""
"20190901","11110001","100","100번(하계동~용산구청)","100000123","01219","0072259","통신대(이화장)","63","43","20190904",""
"20190901","11110001","100","100번(하계동~용산구청)","100000124","01220","0072260","혜화역.마로니에공원","193","68","20190904",""
"20190901","11110001","100","100번(하계동~용산구청)","100000133","01229","0072261","혜화역.동성중고(장면총리가옥)","238","40","20190904",""
"20190901","11110001","100","100번(하계동~용산구청)","101000102","02206","0072394","퇴계로6가","42","21","20190904",""
"20190901","11110001","100","100번(하계동~용산구청)","101000114","02219","0072410","남대문시장앞.이회영활동터","45","80","20190904",""
"20190901","11110001","100","100번(하계동~용산구청)","101000043","02142","0072411","롯데영프라자","145","165","20190904",""
"20190901","11110001","100","100번(하계동~용산구청)","101000059","02158","0072605","을지로2가.기업은행본점.서울노동청","66","131","20190904",""
"20190901","11110001","100","100번(하계동~용산구청)","102000060","03154","0073677","용산구청.크라운호텔","74","14","20190904",""
"20190901","11110001","100","100번(하계동~용산구청)","102000061","03155","0073690","한강중학교","44","191","20190904",""
"20190901","11110001","100","100번(하계동~용산구청)","102000059","03153","0073691","용산구청.크라운호텔","89","125","20190904",""
"20190901","11110001","100","100번(하계동~용산구청)","100000005","01005","0074700","혜화동로터리.여운형활동터","39","202","20190904",""
"20190901","11110001","100","100번(하계동~용산구청)","102000175","03269","0074899","한강중학교","48","3","20190904",""
"20190901","11110001","100","100번(하계동~용산구청)","102000176","03270","0074900","금호베스트빌앞","14","1","20190904",""
"20190901","11110001","100","100번(하계동~용산구청)","101000008","02008","0079041","숭례문","54","75","20190904",""
"20190901","11110001","100","100번(하계동~용산구청)","110000387","11489","7000199","한성여객종점","0","3","20190904",""
"20190901","11110001","100","100번(하계동~용산구청)","110000327","11428","8000658","한성여객종점","20","3","20190904",""
"20190901","11110001","100","100번(하계동~용산구청)","102000063","03157","8001484","서빙고역1번출구","70","102","20190904",""
"20190901","11110001","100","100번(하계동~용산구청)","110000354","11455","8002342","하계장미아파트","27","346","20190904",""
"20190901","11110001","100","100번(하계동~용산구청)","102000243","03336","8003001","서빙고초등학교","2","9","20190904",""
"20190901","11110001","100","100번(하계동~용산구청)","108000373","09312","8501161","꿈의숲주차장입구","100","64","20190904",""
"20190901","11110001","100","100번(하계동~용산구청)","110000695","11433","8502050","대진고등학교","9","202","20190904",""
"20190901","11110001","100","100번(하계동~용산구청)","101000032","02127","9000235","북창동.남대문시장","55","40","20190904",""
"20190901","11110001","100","100번(하계동~용산구청)","102000121","03215","9000254","이촌동두산위브트레지움.한강대우아파트","288","107","20190904",""
"20190901","11110001","100","100번(하계동~용산구청)","102000122","03216","9000255","이촌1동충신교회앞","71","179","20190904",""
"20190901","11110001","100","100번(하계동~용산구청)","102000123","03217","9000256","이촌동한가람아파트.이촌역","199","155","20190904",""
"20190901","11110001","100","100번(하계동~용산구청)","102000124","03218","9000257","이촌동한강맨션.이촌역","199","198","20190904",""
"20190901","11110001","100","100번(하계동~용산구청)","102000125","03219","9000258","신용산초등학교","159","112","20190904",""
"20190901","11110001","100","100번(하계동~용산구청)","102000126","03220","9000259","신용산초등학교","80","147","20190904",""
"20190901","11110001","100","100번(하계동~용산구청)","102000127","03221","9000260","이촌동강촌아파트","249","83","20190904",""
"20190901","11110001","100","100번(하계동~용산구청)","102000128","03222","9000261","이촌동점보아파트","55","206","20190904",""
"20190901","11110001","100","100번(하계동~용산구청)","102000129","03223","9000262","이촌동현대아파트","237","53","20190904",""
"20190901","11110001","100","100번(하계동~용산구청)","102000130","03224","9000263","금강병원.반도아파트","52","203","20190904",""
"20190901","11110001","100","100번(하계동~용산구청)","102000131","03225","9000264","서빙고신동아아파트","952","149","20190904",""
"20190901","11110001","100","100번(하계동~용산구청)","100000109","01205","9000413","종로5가.효제초등학교","66","17","20190904",""
"20190901","11110001","100","100번(하계동~용산구청)","101000064","02163","9000537","을지로4가.베스트웨스턴국도","27","22","20190904",""
"20190901","11110001","100","100번(하계동~용산구청)","101000041","02140","9000556","롯데백화점","305","159","20190904",""
"20190901","11110001","100","100번(하계동~용산구청)","100000108","01204","9000558","종로5가.효제동.김상옥의거터","14","9","20190904",""
"20190901","11110001","100","100번(하계동~용산구청)","101000071","02170","9002069","광희동","49","40","20190904",""
"20190901","11110001","100","100번(하계동~용산구청)","101000068","02167","9003018","방산시장.훈련원종합체육관","14","11","20190904",""
"20190901","11110001","100","100번(하계동~용산구청)","100000116","01212","9034217","종로5가","67","25","20190904",""
"20190901","11110001","100","100번(하계동~용산구청)","101000004","02004","9034418","서울역버스환승센터","221","123","20190904",""
"20190901","11110001","100","100번(하계동~용산구청)","102000012","03012","9034947","갈월동","64","40","20190904",""
"20190901","11110001","100","100번(하계동~용산구청)","102000011","03011","9034948","갈월동","45","59","20190904",""
"20190901","11110001","100","100번(하계동~용산구청)","102000010","03010","9034949","숙대입구역","155","63","20190904",""
"20190901","11110001","100","100번(하계동~용산구청)","102000009","03009","9034950","숙대입구역","85","282","20190904",""
"20190901","11110001","100","100번(하계동~용산구청)","102000008","03008","9034951","삼각지역","115","45","20190904",""
"20190901","11110001","100","100번(하계동~용산구청)","102000007","03007","9034952","삼각지역","50","114","20190904",""
"20190901","11110001","100","100번(하계동~용산구청)","102000006","03006","9034953","KT용산지사","62","46","20190904",""
"20190901","11110001","100","100번(하계동~용산구청)","102000005","03005","9034954","KT용산지사","28","97","20190904",""
"20190901","11110001","100","100번(하계동~용산구청)","102000003","03003","9034956","신용산역","86","375","20190904",""
"20190901","11110001","100","100번(하계동~용산구청)","102000002","03002","9034957","한강대교북단.LG유플러스","285","62","20190904",""
"20190901","11110001","100","100번(하계동~용산구청)","102000001","03001","9034958","한강대교북단.LG유플러스","76","415","20190904",""
"20190901","11110001","100","100번(하계동~용산구청)","102000132","03226","9035283","서빙고신동아아파트","140","547","20190904",""
"20190901","11110001","100","100번(하계동~용산구청)","102000120","03214","9035323","이촌동동부센트레빌","25","162","20190904",""
"20190901","11110001","100","100번(하계동~용산구청)","102000231","03325","9036005","서빙고역1번출구","92","33","20190904",""
"20190901","11110001","100","100번(하계동~용산구청)","102000004","03004","9036053","신용산역","383","99","20190904",""
"20190901","11110001","100","100번(하계동~용산구청)","101000007","02007","9036837","서울역버스환승센터.강우규의거터","104","170","20190904",""
"20190901","11110002","101","101번(화계사~동대문)","109000117","10202","0007645","쌍문동우이빌라","55","6","20190904",""
"20190901","11110002","101","101번(화계사~동대문)","109000128","10213","0007877","쌍문동현대.한양아파트","43","241","20190904",""
"20190901","11110002","101","101번(화계사~동대문)","109000041","10126","0007899","쌍문역","406","215","20190904",""
"20190901","11110002","101","101번(화계사~동대문)","107000063","08153","0007917","종암동주민센터","205","235","20190904",""
"20190901","11110002","101","101번(화계사~동대문)","109000036","10119","0007984","함석헌기념관.정의여중고","12","85","20190904",""
"20190901","11110002","101","101번(화계사~동대문)","109000131","10216","0007989","도봉구보건소앞","192","94","20190904",""
"20190901","11110002","101","101번(화계사~동대문)","109000132","10217","0007996","도봉구보건소앞","46","317","20190904",""
"20190901","11110002","101","101번(화계사~동대문)","101000036","02133","0008722","서소문","93","29","20190904",""
"20190901","11110002","101","101번(화계사~동대문)","100000365","01037","0009100","동대문(흥인지문)","103","296","20190904",""
"20190901","11110002","101","101번(화계사~동대문)","109000115","10200","0009198","쌍문동청한빌라","166","6","20190904",""
"20190901","11110002","101","101번(화계사~동대문)","109000116","10201","0009201","쌍문동청한빌라","1","70","20190904",""
"20190901","11110002","101","101번(화계사~동대문)","109000118","10203","0009259","쌍문동우이빌라","1","58","20190904",""
"20190901","11110002","101","101번(화계사~동대문)","109000042","10127","0033042","우이1교앞","18","188","20190904",""
"20190901","11110002","101","101번(화계사~동대문)","109000013","10013","0070685","도봉구민회관","324","190","20190904",""
"20190901","11110002","101","101번(화계사~동대문)","109000015","10015","0070686","쌍문역","268","652","20190904",""
"20190901","11110002","101","101번(화계사~동대문)","109000017","10017","0070687","우이1교앞","176","55","20190904",""
"20190901","11110002","101","101번(화계사~동대문)","108000001","09001","0070688","수유3동우체국","218","178","20190904",""
"20190901","11110002","101","101번(화계사~동대문)","108000003","09003","0070689","수유역","187","145","20190904",""
"20190901","11110002","101","101번(화계사~동대문)","108000004","09004","0070707","수유역.강북구청","476","474","20190904",""
"20190901","11110002","101","101번(화계사~동대문)","107000060","08150","0072434","종암경찰서","246","237","20190904",""
"20190901","11110002","101","101번(화계사~동대문)","107000062","08152","0072435","종암동주민센터","316","159","20190904",""
"20190901","11110002","101","101번(화계사~동대문)","107000064","08154","0072436","숭례초교","296","116","20190904",""
"20190901","11110002","101","101번(화계사~동대문)","107000066","08156","0072437","고대앞","156","192","20190904",""
"20190901","11110002","101","101번(화계사~동대문)","107000067","08157","0072438","우신향병원","212","157","20190904",""
"20190901","11110002","101","101번(화계사~동대문)","107000068","08158","0072439","안암오거리","223","159","20190904",""
"20190901","11110002","101","101번(화계사~동대문)","107000069","08159","0072440","대광초교","163","148","20190904",""
"20190901","11110002","101","101번(화계사~동대문)","100000147","01243","0072441","신설동로터리","54","453","20190904",""
"20190901","11110002","101","101번(화계사~동대문)","105000092","06178","0072500","대광고등학교앞","80","122","20190904",""
"20190901","11110002","101","101번(화계사~동대문)","105000091","06177","0072501","안암오거리","182","284","20190904",""
"20190901","11110002","101","101번(화계사~동대문)","105000090","06176","0072502","우신향병원","132","138","20190904",""
"20190901","11110002","101","101번(화계사~동대문)","105000089","06175","0072503","고려대학교앞","140","137","20190904",""
"20190901","11110002","101","101번(화계사~동대문)","107000065","08155","0072504","숭례초등학교","175","311","20190904",""
"20190901","11110002","101","101번(화계사~동대문)","107000061","08151","0072506","종암경찰서","216","200","20190904",""
"20190901","11110002","101","101번(화계사~동대문)","108000014","09102","0072563","우이동도선사입구.북한산우이역","74","0","20190904",""
"20190901","11110002","101","101번(화계사~동대문)","108000015","09103","0072564","우이동성원아파트","39","0","20190904",""
"20190901","11110002","101","101번(화계사~동대문)","108000011","09011","0072572","미아사거리역","532","356","20190904",""
"20190901","11110002","101","101번(화계사~동대문)","107000058","08148","0072573","성가복지병원","181","226","20190904",""
"20190901","11110002","101","101번(화계사~동대문)","107000059","08149","0072591","성가복지병원","195","248","20190904",""
"20190901","11110002","101","101번(화계사~동대문)","108000016","09104","0072599","우이동성원아파트","0","32","20190904",""
"20190901","11110002","101","101번(화계사~동대문)","109000236","10325","0072602","동아운수앞","0","47","20190904",""
"20190901","11110002","101","101번(화계사~동대문)","109000119","10204","0073108","초당초등학교","348","36","20190904",""
"20190901","11110002","101","101번(화계사~동대문)","109000121","10206","0073109","방학동우성아파트","225","13","20190904",""
"20190901","11110002","101","101번(화계사~동대문)","109000125","10210","0073110","쌍문동성원아파트","260","40","20190904",""
"20190901","11110002","101","101번(화계사~동대문)","109000129","10214","0073112","쌍문동삼익금호1차아파트","465","82","20190904",""
"20190901","11110002","101","101번(화계사~동대문)","109000130","10215","0073141","쌍문동금호1차삼익아파트","83","383","20190904",""
"20190901","11110002","101","101번(화계사~동대문)","109000126","10211","0073143","쌍문동성원아파트","28","176","20190904",""
"20190901","11110002","101","101번(화계사~동대문)","109000122","10207","0073144","방학동우성.청구아파트","23","195","20190904",""
"20190901","11110002","101","101번(화계사~동대문)","109000120","10205","0073145","초당초등학교","36","185","20190904",""
"20190901","11110002","101","101번(화계사~동대문)","108000010","09010","0074619","도봉세무서.성북시장","71","143","20190904",""
"20190901","11110002","101","101번(화계사~동대문)","108000008","09008","0074620","미아역.신일중고","95","182","20190904",""
"20190901","11110002","101","101번(화계사~동대문)","108000006","09006","0074621","수유시장.성신여대미아캠퍼스앞","188","199","20190904",""
"20190901","11110002","101","101번(화계사~동대문)","108000202","09297","0074625","우이동도선사입구","1","82","20190904",""
"20190901","11110002","101","101번(화계사~동대문)","108000002","09002","0074747","수유3동우체국","116","164","20190904",""
"20190901","11110002","101","101번(화계사~동대문)","109000038","10121","7000017","도봉구민회관","89","67","20190904",""
"20190901","11110002","101","101번(화계사~동대문)","108000012","09012","8000547","미아사거리역","371","520","20190904",""
"20190901","11110002","101","101번(화계사~동대문)","100000028","01123","8000682","서울역사박물관.경교장.강북삼성병원","34","126","20190904",""
"20190901","11110002","101","101번(화계사~동대문)","100000367","01044","8000821","동묘앞","95","280","20190904",""
"20190901","11110002","101","101번(화계사~동대문)","100000366","01041","8000823","동묘앞","381","53","20190904",""
"20190901","11110002","101","101번(화계사~동대문)","109000127","10212","8000891","쌍문동한양.현대아파트","313","39","20190904",""
"20190901","11110002","101","101번(화계사~동대문)","112000169","13252","8002743","서대문경찰서","61","75","20190904",""
"20190901","11110002","101","101번(화계사~동대문)","108000005","09005","8501003","수유시장.성신여대미아캠퍼스앞","239","175","20190904",""
"20190901","11110002","101","101번(화계사~동대문)","108000007","09007","8501005","미아역.신일중고","168","132","20190904",""
"20190901","11110002","101","101번(화계사~동대문)","108000009","09009","8501007","도봉세무서.성북시장","139","156","20190904",""
"20190901","11110002","101","101번(화계사~동대문)","108000378","09013","8501377","수유(강북구청)역","299","450","20190904",""
"20190901","11110002","101","101번(화계사~동대문)","998501937","~","8501937","우이동도선사입구(기점가상)","4","0","20190904",""
"20190901","11110002","101","101번(화계사~동대문)","100000376","01165","8501946","강북삼성병원","18","72","20190904",""
"20190901","11110002","101","101번(화계사~동대문)","105000552","06107","8502185","신설동역1번출구","234","92","20190904",""
"20190901","11110002","101","101번(화계사~동대문)","100000386","01011","8502220","종로1가","373","32","20190904",""
"20190901","11110002","101","101번(화계사~동대문)","100000388","01013","8502221","종로2가","363","22","20190904",""
"20190901","11110002","101","101번(화계사~동대문)","100000390","01015","8502222","종로3가.탑골공원","367","29","20190904",""
"20190901","11110002","101","101번(화계사~동대문)","100000392","01017","8502223","종로4가.종묘","88","32","20190904",""
"20190901","11110002","101","101번(화계사~동대문)","100000394","01019","8502224","종로5가.광장시장","193","74","20190904",""
"20190901","11110002","101","101번(화계사~동대문)","100000396","01021","8502225","종로6가.동대문종합시장","135","52","20190904",""
"20190901","11110002","101","101번(화계사~동대문)","100000398","01023","8502226","동대문역.흥인지문","360","100","20190904",""
"20190901","11110002","101","101번(화계사~동대문)","100000397","01022","8502227","종로6가.동대문종합시장","32","134","20190904",""
"20190901","11110002","101","101번(화계사~동대문)","100000395","01020","8502228","종로5가.광장시장","93","162","20190904",""
"20190901","11110002","101","101번(화계사~동대문)","100000393","01018","8502229","종로4가.종묘","14","154","20190904",""
"20190901","11110002","101","101번(화계사~동대문)","100000391","01016","8502230","종로3가.탑골공원","43","267","20190904",""
"20190901","11110002","101","101번(화계사~동대문)","100000389","01014","8502231","종로2가","54","211","20190904",""
"20190901","11110002","101","101번(화계사~동대문)","100000387","01012","8502232","종로1가","29","205","20190904",""
"20190901","11110002","101","101번(화계사~동대문)","100000385","01010","8502233","광화문","20","226","20190904",""
"20190901","11110002","101","101번(화계사~동대문)","101000039","02137","9000548","서울신문사","249","15","20190904",""
"20190901","11110003","102","102번(상계동~동대문)","100000003","01003","0007197","명륜3가.성대입구","38","121","20190904",""
"20190901","11110003","102","102번(상계동~동대문)","109000158","10244","0008129","도봉문화정보도서관","20","70","20190904",""
"20190901","11110003","102","102번(상계동~동대문)","110000145","11245","0010977","상계주공2단지","120","105","20190904",""
"20190901","11110003","102","102번(상계동~동대문)","110000110","11210","0010994","노원역9번출구","665","11","20190904",""
"20190901","11110003","102","102번(상계동~동대문)","110000108","11208","0011058","상계초등학교","58","1","20190904",""
"20190901","11110003","102","102번(상계동~동대문)","110000109","11209","0011072","상계초등학교","1","72","20190904",""
"20190901","11110003","102","102번(상계동~동대문)","107000002","08002","0012869","월곡뉴타운","123","67","20190904",""
"20190901","11110003","102","102번(상계동~동대문)","107000009","08009","0071196","삼선교.한성대학교","29","142","20190904",""
"20190901","11110003","102","102번(상계동~동대문)","100000002","01002","0071198","창경궁.서울대학교병원","28","48","20190904",""
"20190901","11110003","102","102번(상계동~동대문)","107000010","08010","0071205","삼선교.한성대학교.조소앙활동터","176","69","20190904",""
"20190901","11110003","102","102번(상계동~동대문)","110000144","11244","0071427","상계주공3단지","223","38","20190904",""
"20190901","11110003","102","102번(상계동~동대문)","110000146","11246","0071429","상계주공1단지","436","177","20190904",""
"20190901","11110003","102","102번(상계동~동대문)","110000157","11257","0071500","백병원","144","133","20190904",""
"20190901","11110003","102","102번(상계동~동대문)","110000156","11256","0071501","상계주공4단지","44","120","20190904",""
"20190901","11110003","102","102번(상계동~동대문)","110000155","11255","0071502","상계주공6단지","16","247","20190904",""
"20190901","11110003","102","102번(상계동~동대문)","107000001","08001","0071612","월곡뉴타운","85","176","20190904",""
"20190901","11110003","102","102번(상계동~동대문)","107000003","08003","0071613","길음뉴타운","74","147","20190904",""
"20190901","11110003","102","102번(상계동~동대문)","107000004","08004","0071614","길음뉴타운","141","67","20190904",""
"20190901","11110003","102","102번(상계동~동대문)","107000005","08005","0072011","미아리고개.미아리예술극장","67","129","20190904",""
"20190901","11110003","102","102번(상계동~동대문)","107000007","08007","0072012","돈암사거리.성신여대입구","65","227","20190904",""
"20190901","11110003","102","102번(상계동~동대문)","107000008","08008","0072027","돈암사거리.성신여대입구","284","89","20190904",""
"20190901","11110003","102","102번(상계동~동대문)","107000006","08006","0072028","미아리고개.미아리예술극장","100","52","20190904",""
"20190901","11110003","102","102번(상계동~동대문)","100000123","01219","0072259","통신대(이화장)","56","7","20190904",""
"20190901","11110003","102","102번(상계동~동대문)","100000124","01220","0072260","혜화역.마로니에공원","190","14","20190904",""
"20190901","11110003","102","102번(상계동~동대문)","100000133","01229","0072261","혜화역.동성중고(장면총리가옥)","231","15","20190904",""
"20190901","11110003","102","102번(상계동~동대문)","108000011","09011","0072572","미아사거리역","146","306","20190904",""
"20190901","11110003","102","102번(상계동~동대문)","108000010","09010","0074619","도봉세무서.성북시장","115","59","20190904",""
"20190901","11110003","102","102번(상계동~동대문)","108000008","09008","0074620","미아역.신일중고","171","76","20190904",""
"20190901","11110003","102","102번(상계동~동대문)","108000006","09006","0074621","수유시장.성신여대미아캠퍼스앞","295","102","20190904",""
"20190901","11110003","102","102번(상계동~동대문)","110000148","11248","0074630","마들근린공원.노원에코센터","137","77","20190904",""
"20190901","11110003","102","102번(상계동~동대문)","109000191","10279","0074631","창동주공17단지","148","155","20190904",""
"20190901","11110003","102","102번(상계동~동대문)","109000190","10278","0074651","창동주공17단지","189","184","20190904",""
"20190901","11110003","102","102번(상계동~동대문)","110000147","11247","0074652","마들근린공원.노원에코센터","74","249","20190904",""
"20190901","11110003","102","102번(상계동~동대문)","100000005","01005","0074700","혜화동로터리.여운형활동터","16","134","20190904",""
"20190901","11110003","102","102번(상계동~동대문)","110000271","11372","0074799","어린이교통공원","588","49","20190904",""
"20190901","11110003","102","102번(상계동~동대문)","109000156","10242","0074800","창동주공4단지","147","105","20190904",""
"20190901","11110003","102","102번(상계동~동대문)","109000159","10245","0074801","도봉문화정보도서관","28","92","20190904",""
"20190901","11110003","102","102번(상계동~동대문)","109000161","10247","0074802","창림초교창동신창아파트앞","100","214","20190904",""
"20190901","11110003","102","102번(상계동~동대문)","109000163","10249","0074803","KEB하나은행창동지점","196","243","20190904",""
"20190901","11110003","102","102번(상계동~동대문)","109000165","10251","0074804","창동서울탁주앞","244","99","20190904",""
"20190901","11110003","102","102번(상계동~동대문)","108000064","09152","0074805","번동사거리","108","119","20190904",""
"20190901","11110003","102","102번(상계동~동대문)","108000062","09150","0074806","북부시장입구","162","98","20190904",""
"20190901","11110003","102","102번(상계동~동대문)","108000060","09148","0074807","강북경찰서입구","84","147","20190904",""
"20190901","11110003","102","102번(상계동~동대문)","108000179","09267","0074808","수유사거리","55","296","20190904",""
"20190901","11110003","102","102번(상계동~동대문)","108000178","09266","0074809","수유사거리","205","153","20190904",""
"20190901","11110003","102","102번(상계동~동대문)","108000061","09149","0074810","강북경찰서입구","63","115","20190904",""
"20190901","11110003","102","102번(상계동~동대문)","108000063","09151","0074811","북부시장입구","102","105","20190904",""
"20190901","11110003","102","102번(상계동~동대문)","108000065","09153","0074812","번동사거리","110","106","20190904",""
"20190901","11110003","102","102번(상계동~동대문)","109000164","10250","0074813","창동서울탁주앞","192","321","20190904",""
"20190901","11110003","102","102번(상계동~동대문)","109000162","10248","0074814","KEB하나은행창동지점","225","118","20190904",""
"20190901","11110003","102","102번(상계동~동대문)","109000160","10246","0074815","창림초교창동신창아파트앞","167","59","20190904",""
"20190901","11110003","102","102번(상계동~동대문)","109000155","10241","0074817","창동주공4단지","165","97","20190904",""
"20190901","11110003","102","102번(상계동~동대문)","110000289","11390","0074819","중계역1번출구","75","855","20190904",""
"20190901","11110003","102","102번(상계동~동대문)","109000242","10331","0075051","신창.창동시장","285","158","20190904",""
"20190901","11110003","102","102번(상계동~동대문)","109000241","10330","0076859","창동.신창시장","220","262","20190904",""
"20190901","11110003","102","102번(상계동~동대문)","110000093","11193","0079673","온곡중학교노원정보도서관","11","0","20190904",""
"20190901","11110003","102","102번(상계동~동대문)","108000012","09012","8000547","미아사거리역","408","178","20190904",""
"20190901","11110003","102","102번(상계동~동대문)","110000111","11211","8000715","노원역1번출구","5","407","20190904",""
"20190901","11110003","102","102번(상계동~동대문)","100000118","01214","8000836","동대문","78","76","20190904",""
"20190901","11110003","102","102번(상계동~동대문)","998001900","~","8001900","7단지영업소(가상)","7","1","20190904",""
"20190901","11110003","102","102번(상계동~동대문)","108000005","09005","8501003","수유시장.성신여대미아캠퍼스앞","180","285","20190904",""
"20190901","11110003","102","102번(상계동~동대문)","108000007","09007","8501005","미아역.신일중고","63","196","20190904",""
"20190901","11110003","102","102번(상계동~동대문)","108000009","09009","8501007","도봉세무서.성북시장","52","209","20190904",""
"20190901","11110003","102","102번(상계동~동대문)","100000109","01205","9000413","종로5가.효제초등학교","116","15","20190904",""
"20190901","11110003","102","102번(상계동~동대문)","100000108","01204","9000558","종로5가.효제동.김상옥의거터","47","0","20190904",""
"20190901","11110003","102","102번(상계동~동대문)","100000122","01218","9001336","현대그룹빌딩","13","80","20190904",""
"20190901","11110003","102","102번(상계동~동대문)","100000129","01225","9001337","이화동(이화장)","4","30","20190904",""
"20190901","11110003","102","102번(상계동~동대문)","100000119","01215","9001338","충신동","31","57","20190904",""
"20190901","11110005","104","104번(강북청소년수련관난나~숭례문)","100000003","01003","0007197","명륜3가.성대입구","110","208","20190904",""
"20190901","11110005","104","104번(강북청소년수련관난나~숭례문)","107000082","08172","0007710","미아초교","118","286","20190904",""
"20190901","11110005","104","104번(강북청소년수련관난나~숭례문)","100000102","01198","0008952","원남동","66","169","20190904",""
"20190901","11110005","104","104번(강북청소년수련관난나~숭례문)","108000107","09195","0013188","강북청소년수련관","0","170","20190904",""
"20190901","11110005","104","104번(강북청소년수련관난나~숭례문)","108000106","09194","0013189","강북청소년수련관","161","0","20190904",""
"20190901","11110005","104","104번(강북청소년수련관난나~숭례문)","108000108","09196","0013198","국립4.19민주묘지","129","6","20190904",""
"20190901","11110005","104","104번(강북청소년수련관난나~숭례문)","108000109","09197","0013199","국립4.19민주묘지","0","152","20190904",""
"20190901","11110005","104","104번(강북청소년수련관난나~숭례문)","107000009","08009","0071196","삼선교.한성대학교","132","258","20190904",""
"20190901","11110005","104","104번(강북청소년수련관난나~숭례문)","100000002","01002","0071198","창경궁.서울대학교병원","69","71","20190904",""
"20190901","11110005","104","104번(강북청소년수련관난나~숭례문)","107000010","08010","0071205","삼선교.한성대학교.조소앙활동터","296","198","20190904",""
"20190901","11110005","104","104번(강북청소년수련관난나~숭례문)","107000003","08003","0071613","길음뉴타운","232","477","20190904",""
"20190901","11110005","104","104번(강북청소년수련관난나~숭례문)","990071823","~","0071823","선일교통(가상)","106","1","20190904",""
"20190901","11110005","104","104번(강북청소년수련관난나~숭례문)","107000005","08005","0072011","미아리고개.미아리예술극장","188","188","20190904",""
"20190901","11110005","104","104번(강북청소년수련관난나~숭례문)","107000007","08007","0072012","돈암사거리.성신여대입구","154","462","20190904",""
"20190901","11110005","104","104번(강북청소년수련관난나~숭례문)","107000008","08008","0072027","돈암사거리.성신여대입구","620","224","20190904",""
"20190901","11110005","104","104번(강북청소년수련관난나~숭례문)","107000006","08006","0072028","미아리고개.미아리예술극장","158","137","20190904",""
"20190901","11110005","104","104번(강북청소년수련관난나~숭례문)","101000053","02152","0072209","퇴계로3가.한옥마을.한국의집","105","63","20190904",""
"20190901","11110005","104","104번(강북청소년수련관난나~숭례문)","108000032","09120","0072237","인수동장미원","236","44","20190904",""
"20190901","11110005","104","104번(강북청소년수련관난나~숭례문)","108000046","09134","0072239","우이초등학교","226","46","20190904",""
"20190901","11110005","104","104번(강북청소년수련관난나~숭례문)","108000068","09156","0072240","화계사입구","105","42","20190904",""
"20190901","11110005","104","104번(강북청소년수련관난나~숭례문)","108000070","09158","0072241","빨래골입구","253","89","20190904",""
"20190901","11110005","104","104번(강북청소년수련관난나~숭례문)","108000072","09160","0072242","롯데마트삼양점.래미안1차아파트","216","123","20190904",""
"20190901","11110005","104","104번(강북청소년수련관난나~숭례문)","108000074","09162","0072243","삼양초등학교","74","42","20190904",""
"20190901","11110005","104","104번(강북청소년수련관난나~숭례문)","108000076","09164","0072244","강북청소년문화정보도서관입구","122","85","20190904",""
"20190901","11110005","104","104번(강북청소년수련관난나~숭례문)","108000078","09166","0072245","삼양동사거리","342","170","20190904",""
"20190901","11110005","104","104번(강북청소년수련관난나~숭례문)","108000080","09168","0072246","송천초등학교.미아뉴타운입구","200","101","20190904",""
"20190901","11110005","104","104번(강북청소년수련관난나~숭례문)","107000081","08171","0072247","미아초교","272","104","20190904",""
"20190901","11110005","104","104번(강북청소년수련관난나~숭례문)","107000083","08173","0072248","길음동동부아파트","164","50","20190904",""
"20190901","11110005","104","104번(강북청소년수련관난나~숭례문)","100000151","01247","0072250","광장시장","68","170","20190904",""
"20190901","11110005","104","104번(강북청소년수련관난나~숭례문)","101000054","02153","0072252","충무로역2번출구.대한극장앞","191","46","20190904",""
"20190901","11110005","104","104번(강북청소년수련관난나~숭례문)","101000103","02207","0072253","퇴계로5가.제일병원","74","49","20190904",""
"20190901","11110005","104","104번(강북청소년수련관난나~숭례문)","101000069","02168","0072254","을지로5가.훈련원종합체육관","47","33","20190904",""
"20190901","11110005","104","104번(강북청소년수련관난나~숭례문)","100000123","01219","0072259","통신대(이화장)","111","65","20190904",""
"20190901","11110005","104","104번(강북청소년수련관난나~숭례문)","100000124","01220","0072260","혜화역.마로니에공원","217","81","20190904",""
"20190901","11110005","104","104번(강북청소년수련관난나~숭례문)","100000133","01229","0072261","혜화역.동성중고(장면총리가옥)","374","78","20190904",""
"20190901","11110005","104","104번(강북청소년수련관난나~숭례문)","107000033","08123","0072262","돈암동삼성아파트입구","303","225","20190904",""
"20190901","11110005","104","104번(강북청소년수련관난나~숭례문)","107000084","08174","0072263","길음동동부아파트","74","266","20190904",""
"20190901","11110005","104","104번(강북청소년수련관난나~숭례문)","108000079","09167","0072266","삼양동사거리","147","285","20190904",""
"20190901","11110005","104","104번(강북청소년수련관난나~숭례문)","108000077","09165","0072267","강북청소년문화정보도서관입구","75","77","20190904",""
"20190901","11110005","104","104번(강북청소년수련관난나~숭례문)","108000075","09163","0072268","삼양초등학교","28","90","20190904",""
"20190901","11110005","104","104번(강북청소년수련관난나~숭례문)","108000073","09161","0072269","롯데마트삼양점.래미안1차아파트","168","229","20190904",""
"20190901","11110005","104","104번(강북청소년수련관난나~숭례문)","108000071","09159","0072270","빨래골입구","72","206","20190904",""
"20190901","11110005","104","104번(강북청소년수련관난나~숭례문)","108000069","09157","0072271","화계사입구","37","129","20190904",""
"20190901","11110005","104","104번(강북청소년수련관난나~숭례문)","108000047","09135","0072272","우이초등학교","65","125","20190904",""
"20190901","11110005","104","104번(강북청소년수련관난나~숭례문)","108000033","09121","0072274","인수동장미원","37","159","20190904",""
"20190901","11110005","104","104번(강북청소년수련관난나~숭례문)","108000022","09110","0072275","국립4.19민주묘지입구사거리","42","176","20190904",""
"20190901","11110005","104","104번(강북청소년수련관난나~숭례문)","100000005","01005","0074700","혜화동로터리.여운형활동터","34","232","20190904",""
"20190901","11110005","104","104번(강북청소년수련관난나~숭례문)","108000034","09122","8000880","가오리역","231","73","20190904",""
"20190901","11110005","104","104번(강북청소년수련관난나~숭례문)","108000035","09123","8000884","가오리역","85","253","20190904",""
"20190901","11110005","104","104번(강북청소년수련관난나~숭례문)","108000023","09111","8002702","국립4.19민주묘지입구사거리","121","23","20190904",""
"20190901","11110005","104","104번(강북청소년수련관난나~숭례문)","101000051","02150","8002711","퇴계로2가.명동역","62","262","20190904",""
"20190901","11110005","104","104번(강북청소년수련관난나~숭례문)","108000081","09169","8003120","송천초등학교.미아뉴타운입구","124","313","20190904",""
"20190901","11110005","104","104번(강북청소년수련관난나~숭례문)","108000371","09311","8501058","무량사입구","0","99","20190904",""
"20190901","11110005","104","104번(강북청소년수련관난나~숭례문)","108000372","09310","8501059","무량사입구","111","0","20190904",""
"20190901","11110005","104","104번(강북청소년수련관난나~숭례문)","101000050","02149","8501631","명동입구","309","71","20190904",""
"20190901","11110005","104","104번(강북청소년수련관난나~숭례문)","101000055","02154","9000224","충무로역8번출구.대한극장앞","51","130","20190904",""
"20190901","11110005","104","104번(강북청소년수련관난나~숭례문)","101000052","02151","9000228","퇴계로3가.한옥마을.한국의집","31","121","20190904",""
"20190901","11110005","104","104번(강북청소년수련관난나~숭례문)","101000047","02146","9000240","남대문시장.회현역","139","38","20190904",""
"20190901","11110005","104","104번(강북청소년수련관난나~숭례문)","101000046","02145","9000241","남대문시장.회현역","60","113","20190904",""
"20190901","11110005","104","104번(강북청소년수련관난나~숭례문)","101000023","02118","9000246","숭례문.한국일보","58","98","20190904",""
"20190901","11110005","104","104번(강북청소년수련관난나~숭례문)","100000109","01205","9000413","종로5가.효제초등학교","74","20","20190904",""
"20190901","11110005","104","104번(강북청소년수련관난나~숭례문)","101000065","02164","9000536","중구청앞.덕수중학교","10","95","20190904",""
"20190901","11110005","104","104번(강북청소년수련관난나~숭례문)","100000108","01204","9000558","종로5가.효제동.김상옥의거터","51","14","20190904",""
"20190901","11110005","104","104번(강북청소년수련관난나~숭례문)","101000068","02167","9003018","방산시장.훈련원종합체육관","31","27","20190904",""
"20190901","11110005","104","104번(강북청소년수련관난나~숭례문)","100000116","01212","9034217","종로5가","127","105","20190904",""
"20190901","11110005","104","104번(강북청소년수련관난나~숭례문)","101000005","02005","9036839","서울역버스환승센터","268","123","20190904",""
"20190901","11110006","105","105번(상계동~서울역)","105000033","06117","0008420","휘경동입구","33","75","20190904",""
"20190901","11110006","105","105번(상계동~서울역)","101000057","02156","0008839","을지로입구.로얄호텔","113","11","20190904",""
"20190901","11110006","105","105번(상계동~서울역)","101000060","02159","0008864","을지로2가.파인에빈뉴","139","17","20190904",""
"20190901","11110006","105","105번(상계동~서울역)","101000062","02161","0008890","을지로3가","41","15","20190904",""
"20190901","11110006","105","105번(상계동~서울역)","101000067","02166","0008984","을지로5가.중부시장","59","24","20190904",""
"20190901","11110006","105","105번(상계동~서울역)","101000070","02169","0009038","을지로6가.국립중앙의료원","124","55","20190904",""
"20190901","11110006","105","105번(상계동~서울역)","100000365","01037","0009100","동대문(흥인지문)","96","161","20190904",""
"20190901","11110006","105","105번(상계동~서울역)","110000084","11184","0010909","대림아파트상가","103","6","20190904",""
"20190901","11110006","105","105번(상계동~서울역)","110000086","11186","0010935","도봉면허시험장","123","4","20190904",""
"20190901","11110006","105","105번(상계동~서울역)","110000085","11185","0010946","도봉면허시험장","5","147","20190904",""
"20190901","11110006","105","105번(상계동~서울역)","110000145","11245","0010977","상계주공2단지","107","19","20190904",""
"20190901","11110006","105","105번(상계동~서울역)","110000089","11189","0011021","상계10동우체국","86","1","20190904",""
"20190901","11110006","105","105번(상계동~서울역)","110000273","11374","0011084","서울시립북서울미술관","145","193","20190904",""
"20190901","11110006","105","105번(상계동~서울역)","110000266","11367","0011085","노원구민회관","287","95","20190904",""
"20190901","11110006","105","105번(상계동~서울역)","110000346","11447","0011119","하계역","136","59","20190904",""
"20190901","11110006","105","105번(상계동~서울역)","110000347","11448","0011151","하계장미아파트","112","48","20190904",""
"20190901","11110006","105","105번(상계동~서울역)","106000008","07102","0011364","묵동자이.신도브래뉴아파트","98","70","20190904",""
"20190901","11110006","105","105번(상계동~서울역)","106000011","07105","0011401","한국전력동부지사","132","82","20190904",""
"20190901","11110006","105","105번(상계동~서울역)","106000016","07110","0011456","중화동한신아파트","126","188","20190904",""
"20190901","11110006","105","105번(상계동~서울역)","110000315","11416","0014620","하계역","80","233","20190904",""
"20190901","11110006","105","105번(상계동~서울역)","110000316","11417","0014709","하계미성아파트","38","175","20190904",""
"20190901","11110006","105","105번(상계동~서울역)","105000482","06023","0070034","제기동역.서울약령시","105","100","20190904",""
"20190901","11110006","105","105번(상계동~서울역)","106000006","07006","0070041","중랑역.동부시장","324","226","20190904",""
"20190901","11110006","105","105번(상계동~서울역)","106000005","07005","0070063","중랑역.동부시장","227","288","20190904",""
"20190901","11110006","105","105번(상계동~서울역)","105000009","06009","0070064","중랑교","88","155","20190904",""
"20190901","11110006","105","105번(상계동~서울역)","105000013","06013","0070066","시조사삼거리","36","64","20190904",""
"20190901","11110006","105","105번(상계동~서울역)","105000014","06014","0070067","떡전교사거리.동대문노인복지관","60","89","20190904",""
"20190901","11110006","105","105번(상계동~서울역)","105000480","06022","0070069","청량리.청과물도매시장","104","160","20190904",""
"20190901","11110006","105","105번(상계동~서울역)","105000483","06026","0070071","용두동사거리.한국의류시험연구원","24","87","20190904",""
"20190901","11110006","105","105번(상계동~서울역)","105000481","06024","0071190","제기동역.서울약령시","51","64","20190904",""
"20190901","11110006","105","105번(상계동~서울역)","110000144","11244","0071427","상계주공3단지","298","13","20190904",""
"20190901","11110006","105","105번(상계동~서울역)","110000146","11246","0071429","상계주공1단지","191","25","20190904",""
"20190901","11110006","105","105번(상계동~서울역)","110000265","11366","0071430","중계역","128","47","20190904",""
"20190901","11110006","105","105번(상계동~서울역)","110000060","11160","0071432","서울과학기술대입구","191","119","20190904",""
"20190901","11110006","105","105번(상계동~서울역)","110000062","11162","0071433","공릉역4번출구","159","146","20190904",""
"20190901","11110006","105","105번(상계동~서울역)","110000002","11102","0071434","공릉시장","112","82","20190904",""
"20190901","11110006","105","105번(상계동~서울역)","110000004","11104","0071435","태릉입구역3번출구","101","138","20190904",""
"20190901","11110006","105","105번(상계동~서울역)","106000009","07103","0071437","묵동삼거리.먹골역","108","54","20190904",""
"20190901","11110006","105","105번(상계동~서울역)","106000013","07107","0071439","지하철7호선중화역","215","134","20190904",""
"20190901","11110006","105","105번(상계동~서울역)","106000015","07109","0071440","국민은행중화동지점","200","130","20190904",""
"20190901","11110006","105","105번(상계동~서울역)","106000014","07108","0071490","지하철7호선중화역","138","178","20190904",""
"20190901","11110006","105","105번(상계동~서울역)","106000012","07106","0071491","한국전력동부지사","93","128","20190904",""
"20190901","11110006","105","105번(상계동~서울역)","106000010","07104","0071492","먹골역.묵동자이아파트","85","144","20190904",""
"20190901","11110006","105","105번(상계동~서울역)","110000003","11103","0071494","태릉입구역4번출구","145","143","20190904",""
"20190901","11110006","105","105번(상계동~서울역)","110000001","11101","0071495","공릉시장","102","103","20190904",""
"20190901","11110006","105","105번(상계동~서울역)","110000061","11161","0071496","공릉역1번출구","158","163","20190904",""
"20190901","11110006","105","105번(상계동~서울역)","110000059","11159","0071497","서울과학기술대입구","120","105","20190904",""
"20190901","11110006","105","105번(상계동~서울역)","110000272","11373","0071499","중계역","49","104","20190904",""
"20190901","11110006","105","105번(상계동~서울역)","110000157","11257","0071500","백병원","28","181","20190904",""
"20190901","11110006","105","105번(상계동~서울역)","110000156","11256","0071501","상계주공4단지","12","126","20190904",""
"20190901","11110006","105","105번(상계동~서울역)","110000155","11255","0071502","상계주공6단지","8","334","20190904",""
"20190901","11110006","105","105번(상계동~서울역)","110000083","11183","0071504","상계주공7단지","0","54","20190904",""
"20190901","11110006","105","105번(상계동~서울역)","110000088","11188","0071520","상계주공7단지.광림교회앞","0","51","20190904",""
"20190901","11110006","105","105번(상계동~서울역)","101000027","02122","0071865","숭례문","49","59","20190904",""
"20190901","11110006","105","105번(상계동~서울역)","100000190","01288","0072391","종로중부새마을금고","19","80","20190904",""
"20190901","11110006","105","105번(상계동~서울역)","101000102","02206","0072394","퇴계로6가","26","44","20190904",""
"20190901","11110006","105","105번(상계동~서울역)","101000104","02208","0072395","퇴계로5가","42","69","20190904",""
"20190901","11110006","105","105번(상계동~서울역)","101000114","02219","0072410","남대문시장앞.이회영활동터","98","15","20190904",""
"20190901","11110006","105","105번(상계동~서울역)","101000043","02142","0072411","롯데영프라자","211","23","20190904",""
"20190901","11110006","105","105번(상계동~서울역)","105000447","06018","0072419","청량리역환승센터","297","176","20190904",""
"20190901","11110006","105","105번(상계동~서울역)","106000325","07425","0075397","먹골역","146","54","20190904",""
"20190901","11110006","105","105번(상계동~서울역)","106000326","07426","0075398","먹골역","73","143","20190904",""
"20190901","11110006","105","105번(상계동~서울역)","110000399","11502","7000033","7단지영업소","54","0","20190904",""
"20190901","11110006","105","105번(상계동~서울역)","105000015","06015","8000781","청량리역환승센타","176","312","20190904",""
"20190901","11110006","105","105번(상계동~서울역)","100000367","01044","8000821","동묘앞","112","149","20190904",""
"20190901","11110006","105","105번(상계동~서울역)","100000366","01041","8000823","동묘앞","211","65","20190904",""
"20190901","11110006","105","105번(상계동~서울역)","106000007","07101","8001668","극동늘푸른아파트","128","95","20190904",""
"20190901","11110006","105","105번(상계동~서울역)","105000012","06012","8001827","삼육서울병원","139","107","20190904",""
"20190901","11110006","105","105번(상계동~서울역)","105000011","06011","8001828","삼육서울병원","124","131","20190904",""
"20190901","11110006","105","105번(상계동~서울역)","105000030","06114","8002143","서울성심병원","107","49","20190904",""
"20190901","11110006","105","105번(상계동~서울역)","105000486","06027","8002513","신설동역","122","52","20190904",""
"20190901","11110006","105","105번(상계동~서울역)","105000010","06010","8002515","중랑교","96","87","20190904",""
"20190901","11110006","105","105번(상계동~서울역)","105000484","06025","8002705","용두동사거리","29","52","20190904",""
"20190901","11110006","105","105번(상계동~서울역)","101000051","02150","8002711","퇴계로2가.명동역","72","317","20190904",""
